# brandId	brandName
ent_246464	Pony_数码
ent_246005	大宝
ent_140618	法迪
ent_245946	忆思源
ent_058840	十万大山
ent_103876	零拾铺子
ent_113445	科立方
ent_011729	雅客
ent_150752	分寸
ent_072146	保黛宝
ent_053946	与美
ent_152200	学厨
ent_152186	卡琳娜
ent_193828	澳柯玛
ent_233964	雅洁
ent_130785	莱梅德
ent_129124	伟峰
ent_126947	嘉特
ent_103711	厨王
ent_194799	初弎
ent_239694	光希
ent_082562	马克华菲
ent_013609	E路驰
ent_030238	九阳
ent_214092	佳宝
ent_101796	港荣
ent_240942	厨之健_家电
ent_054066	九道湾
ent_119487	利其尔
ent_128236	德玛仕_厨房电器
ent_166544	唐巢
ent_123768	佳能
ent_058563	林家铺子
ent_074271	弘可
ent_223309	舒适
ent_082634	芝麻
ent_044792	凯儿得乐
ent_181705	古驰
ent_040245	三元
ent_037624	依恋
ent_160558	纤麦
ent_241365	希格
ent_018002	堡狮龙
ent_072452	口水族
ent_206535	家宝风
ent_165103	首彩
ent_050951	邦克仕
ent_187294	马大姐
ent_128021	顺发功夫
ent_048797	明之选
ent_172111	蜗牛队长
ent_217570	森美尚
ent_098531	薏凡特
ent_018319	英雄
ent_024190	裕丰鼎能
ent_003156	日洲
ent_188894	康贝
ent_231094	壮元海
ent_165279	三梵
ent_027739	药圣堂
ent_015935	曼妮芬
ent_084158	容声
ent_207817	金鸽
ent_159335	飞羽
ent_162660	麻莎
ent_228212	德辉
ent_190329	康宁餐具
ent_168182	安踏
ent_091193	家顺
ent_210811	金龙鱼
ent_131446	乐健儿
ent_058297	棉马
ent_055327	开古
ent_117986	果园老农
ent_215156	洛神
ent_212746	太平鸟
ent_186045	元田树
ent_093505	西班
ent_041683	黄胜记
ent_109813	金灶
ent_236013	厨甄
ent_077733	卡宾
ent_067494	暴走的萝莉
ent_175157	汤姆农场
ent_221327	大老粗
ent_051924	清清美
ent_125710	剑南春
ent_121899	华美
ent_001018	四海
ent_040049	爱煮
ent_170142	双雄
ent_084620	杰璞斯
ent_010459	迪士尼
ent_107357	一品李
ent_147663	老恒和
ent_206579	花瓣
ent_030283	家居
ent_013426	春光
ent_110672	梦特娇
ent_157282	天猫精灵
ent_202285	安蜜尔
ent_068298	科洋
ent_128715	纽斯
ent_000436	雪佳
ent_098887	雷翼
ent_245867	百诺
ent_145439	凯德氏
ent_058597	开普特
ent_201512	尊尼威龙
ent_126099	焕龙
ent_242764	可扬
ent_145024	高秀
ent_038298	双飞燕
ent_043008	小鸭牌
ent_116614	托瓦
ent_012496	韩彩
ent_011083	若谷草堂
ent_024168	祈发
ent_221778	纳莱科斯
ent_061628	宇美乐
ent_027160	林德曼
ent_200061	小鱼儿
ent_057258	睿嫣润膏
ent_074238	富罗迷
ent_074307	希杰
ent_104798	泉利堂
ent_098705	安妮
ent_049977	奔富
ent_179991	罗莱
ent_111854	君焙
ent_028199	加减乘除
ent_231427	九鲤湖
ent_024905	安琪
ent_168606	昆仑
ent_003085	海绵宝宝
ent_027577	十月结晶
ent_153848	张口爱
ent_048724	茗振
ent_183905	品能
ent_129179	舟水联
ent_102794	比奇
ent_185929	蓝图
ent_127241	智神
ent_076422	莱克
ent_178870	班德拉斯
ent_192202	好迪精华素
ent_012945	斯凯奇
ent_021972	华润
ent_065183	蜂蜜
ent_076321	柠檬
ent_217989	欧凡
ent_013848	思笔乐
ent_197982	德庄
ent_135222	玛璐托
ent_064474	航飞
ent_156809	感恋_食品
ent_219911	橘子
ent_215958	男女
ent_062714	尤搏思
ent_228812	寻桃
ent_064277	莱克斯顿
ent_168900	金麦
ent_030462	得力
ent_220382	悠莱
ent_040366	一加
ent_011337	胡萝卜
ent_143717	多彩
ent_210658	永兴
ent_178617	匡威
ent_030346	五和
ent_131965	婷美
ent_008510	佑天兰
ent_094000	托斯卡纳
ent_114354	三菱
ent_130282	同仁堂
ent_136475	东北
ent_151376	木马人
ent_079941	亚克西
ent_131398	爱国者
ent_118883	老汤_清洁工具
ent_185002	豆腐
ent_065644	三少
ent_155005	威克多
ent_093828	露兰姬娜
ent_150287	超人
ent_200431	摩尼菲格
ent_220581	麦趣丰
ent_112087	罗斯福
ent_235734	超佰味
ent_029912	喵在岛
ent_130382	星派
ent_162059	墨点
ent_129551	乐天
ent_017108	星鲜季
ent_212712	小梅屋
ent_058429	蜜语
ent_091976	匠龙
ent_026511	西门子
ent_109685	韩海妈妈
ent_139497	小鸭圣吉奥
ent_054330	袋鼠妈妈
ent_184839	好益点
ent_051544	旋转木马
ent_148409	可丽金
ent_241328	基本生活
ent_080720	长虹
ent_102284	百花
ent_098360	柒牌
ent_179653	百雀羚
ent_085143	米老头
ent_033710	艾仕玛
ent_174506	墨锦
ent_218843	加德士
ent_137902	70迈
ent_032839	新农哥
ent_223737	张二嘎
ent_231136	海特
ent_243495	喜屋
ent_155549	爱马仕
ent_156321	小怪兽_生活电器
ent_186546	黑羚
ent_213539	基诺德
ent_021575	米乐熊
ent_194654	璐久
ent_002444	奥迪双钻
ent_059529	清净园
ent_217006	摩杰仕
ent_147347	黄则和
ent_208219	嘉味村
ent_001478	潜水艇
ent_180679	品高
ent_188200	一壳一颗
ent_166639	座上客
ent_057715	北京联合出版有限责任公司
ent_044774	佰草汇
ent_130532	童记三利和
ent_077384	华升黑豹
ent_144244	妙洁
ent_015818	瑞光
ent_191302	小天使
ent_205405	皓强
ent_082803	巴里企鹅
ent_104303	言茶
ent_032691	利仁
ent_232086	半山农
ent_247349	功夫小鸭
ent_211935	月骑
ent_078338	啵乐乐
ent_204387	宝视达
ent_011731	青岛啤酒
ent_170319	养方堂
ent_055864	米兰炫
ent_114273	豪姿
ent_073193	可比克
ent_099103	爱多
ent_135829	懒角落
ent_042322	MONDIAL_电器
ent_149187	彩伶彩俐
ent_036579	初纺
ent_126212	茅台
ent_057690	金丰味
ent_014461	联合通
ent_240075	珠江桥
ent_080989	科颜氏
ent_049615	白茶
ent_075640	南国
ent_224140	同享
ent_145046	康汇百年
ent_228429	洁丽雅
ent_039939	库恩玛维
ent_042071	永成
ent_117750	辣妹子
ent_111596	霍尼韦尔
ent_040781	刺猬阿甘
ent_008431	新鲜生活
ent_034452	瑞可德林
ent_223078	五贝子
ent_150194	晓岚村
ent_127456	大玛
ent_087171	施耐德
ent_154185	蒸烩煮
ent_207611	江中
ent_012602	科顺
ent_112773	充电
ent_059101	燕京
ent_063118	郁美净
ent_115789	以诺
ent_066739	台绣
ent_040827	盛为
ent_041967	雅芳
ent_045685	畅享
ent_082303	全棉时代
ent_000409	李维斯
ent_096651	一元堂
ent_024226	鑫食
ent_082133	山村风物
ent_202519	丝路·源
ent_097373	极星
ent_074416	史密斯
ent_068045	心魅
ent_206393	叁肆钢
ent_188669	捷森
ent_056699	佳乐
ent_104328	正士作
ent_236910	华歌尔
ent_164513	伯乐尝
ent_209827	宝宝金水
ent_032330	铁朗
ent_024894	快乐旺哥
ent_184428	其他
ent_059135	昊厨
ent_191841	方太
ent_046685	十八社
ent_219389	百洋
ent_049465	智看
ent_017341	金奥力
ent_079191	全南
ent_114716	三星
ent_056876	荣欣堂
ent_228169	乐徒
ent_045331	滚石
ent_086501	恒都
ent_020671	红星
ent_132153	潘帕斯
ent_021314	英吉利居家
ent_100810	雪佛龙
ent_218197	铁板
ent_083563	振兴
ent_066781	希佳_电器
ent_221770	圈厨
ent_122812	雪印
ent_172756	花花公子
ent_083752	自然堂
ent_071830	班杰威尔
ent_158627	森松尼
ent_068011	嘉士伯
ent_218476	米皇
ent_036890	凤凰
ent_031136	狮威特
ent_108007	南孚
ent_027171	方广
ent_035011	炫舞飞扬
ent_096406	田园主义
ent_099807	法儿曼
ent_103168	敦威
ent_232163	A1_食品
ent_021695	啄木鸟
ent_096844	欧曼
ent_132892	彪马
ent_054182	漫步者
ent_029553	鬼塚虎
ent_063925	赛亿
ent_219622	惠人
ent_056241	顶圣
ent_026515	梦蔻
ent_215718	依利达
ent_098434	健力宝
ent_137088	车厘子
ent_224639	美联
ent_022821	茯苓
ent_208118	黔五福
ent_128852	尚派
ent_103101	特步
ent_032437	亲亲购
ent_052363	暇步士
ent_201696	海蒂诗
ent_152113	韩电
ent_059920	星巴克
ent_047562	牛啤堂
ent_232645	睿米
ent_061786	艾芭莎
ent_009263	逗童熊
ent_132983	每伴
ent_093023	小松鼠
ent_065689	朵拉朵尚
ent_144182	正是
ent_163450	雄发
ent_196598	肆月
ent_156928	海地村
ent_210828	叶原坊
ent_062380	蝴蝶结
ent_211266	能臣
ent_111137	香草森林
ent_116125	金河田
ent_000790	好万行
ent_227917	水星家纺婚庆馆
ent_151526	华为
ent_247122	苏泊尔
ent_228975	热水
ent_165983	李宁
ent_134055	川香傲
ent_155742	雅格
ent_241912	格力
ent_001623	水溶
ent_144962	阿道夫
ent_228457	皮偌乔
ent_035622	奥利奥
ent_088527	昂台
ent_184302	又壹点
ent_047879	大嘴猴
ent_159959	竹天帛
ent_188975	骥洋
ent_134079	爆米花
ent_185966	山诺
ent_104549	猎鹰计划
ent_062194	米图宝贝
ent_121672	大哥
ent_059633	银祥
ent_240381	北极绒
ent_209613	日清
ent_001373	奥妙
ent_116353	呼兰河
ent_170383	九猪
ent_227937	森骄
ent_140189	他她
ent_221320	味好美
ent_016055	齐心
ent_230577	晨光
ent_068479	即墨
ent_103717	御食园
ent_151632	华夏万卷
ent_204351	好孩子
ent_220247	怡达
ent_220238	爱途仕
ent_032488	华成
ent_054358	小熊
ent_085388	宝丽
ent_114589	鱼化石
ent_164084	又壹点
ent_078284	高跟_73小时
ent_106016	老中医
ent_206479	匡威
ent_042993	红蜻蜓
ent_198426	巧大娘
ent_058481	泰瑞
ent_180610	亚麻
ent_140900	清香园
ent_076318	埃莉诗
ent_212798	舟达
ent_065141	桂花
ent_154682	菲妮尔
ent_112296	傲洋优品
ent_021871	霏慕
ent_138751	碧柔
ent_218309	爱国者
ent_053770	小艾
ent_104414	希诺
ent_160656	多加
ent_234864	多芬
ent_145788	速朗
ent_212739	若翼族
ent_022448	乐视
ent_186966	孩之宝
ent_061315	米微乐游
ent_011264	人民邮电出版社
ent_153007	盐津铺子
ent_086552	天和永润
ent_001993	祁连牧歌
ent_019413	云蕾
ent_069566	张小泉
ent_204839	飞天
ent_005268	雷迪凯
ent_041702	胶原蛋白
ent_191429	知味客
ent_082110	爱生活
ent_222837	美晨乐
ent_126796	兄弟牌
ent_059837	爱妻
ent_022547	蜀腊记
ent_087172	其他品牌
ent_228050	深海
ent_061863	金珍
ent_109600	熊猫
ent_129625	平野
ent_096361	楼兰蜜语
ent_156043	索尼
ent_217430	学而思
ent_001896	达娜依谷溪
ent_060927	开心猫
ent_074066	悦见
ent_136050	小马宝莉
ent_116068	诺希
ent_213649	淘豆
ent_234277	朗琴
ent_112669	小脚鸭
ent_043210	潘祥记
ent_061977	乐邦_吸油烟机
ent_135006	秀魅
ent_225830	冇心
ent_107568	太祖
ent_111312	楼龙
ent_096357	合立
ent_148110	千鸟
ent_113275	百里花海
ent_228623	宣辰
ent_057793	雅美娜
ent_068449	采媚
ent_202469	北极星
ent_081645	伊酷达
ent_045483	五月树
ent_121272	浙诚
ent_104556	多格漫
ent_061157	永日
ent_081395	米多奇
ent_181858	三枪
ent_162634	铂玺
ent_225756	超级飞侠
ent_024882	匡迪
ent_201406	全球站
ent_206572	亲豆
ent_072933	三胖蛋
ent_192089	永日
ent_222308	时尚生活
ent_173925	海玉
ent_225524	拾光
ent_149600	马应龙
ent_174143	维诺健
ent_098680	小猪班纳
ent_021367	乐活宝
ent_042019	陌妲
ent_143365	梵忆轩
ent_003114	星际熊
ent_219603	先锋
ent_133478	小熊
ent_124635	乔家栅
ent_025457	宜帛诚
ent_191398	长江文艺
ent_001734	微软
ent_137189	喜传天下
ent_037578	博世
ent_242876	福元
ent_019318	宝贝
ent_222398	青援
ent_239957	张裕
ent_123406	惠普
ent_219839	大松
ent_030874	北京稻香村
ent_089493	森米
ent_149837	亨氏
ent_006430	煜杭
ent_234307	清水
ent_070019	咚咚
ent_099872	威士
ent_111806	复古
ent_009921	康亨
ent_171422	远甜
ent_187005	五谷磨房
ent_076890	聚影
ent_126284	沃伦卡
ent_231737	垂度
ent_059676	阔_食品
ent_234099	茜茜熊_食品
ent_223761	纯色
ent_046057	金五缘
ent_187744	名士
ent_086128	菲内克斯
ent_217604	罗罗
ent_137239	红纹
ent_026322	华生
ent_243695	聚家
ent_132646	今磨房
ent_122494	三宝
ent_100540	科尔沁
ent_004007	尼康
ent_114207	松永
ent_176889	安奈儿
ent_243327	荣事达
ent_069312	惠而浦
ent_123175	恒兴恒
ent_052292	巧虎
ent_106360	劳特斯
ent_042597	爱沃可
ent_066697	宾度
ent_152574	海尔
ent_156618	福喜八公
ent_043636	自由兵
ent_179016	奥迪
ent_164980	喜之焙
ent_070271	徐福记
ent_199902	菜花香
ent_119719	神象
ent_075332	珠江啤酒
ent_057722	润本
ent_132452	弗伦斯堡
ent_023985	泰迪熊
ent_105643	达利园
ent_069244	艾维诺_生活电器
ent_153844	哥伦比亚
ent_029356	利口福
ent_034160	未行
ent_112800	日光岩
ent_113919	回力
ent_081174	家乐
ent_158964	海德
ent_139978	韩滋
ent_210712	三角牌
ent_128658	全球通
ent_128403	菲都狄都
ent_169825	品胜
ent_135872	七匹狼
ent_161541	味诚品
ent_197153	快鹿
ent_156769	仁仔
ent_102133	锐豹
ent_184564	沙皇
ent_246680	莱思丽
ent_006760	奥利弗
ent_069424	相伴一生
ent_006324	力迪
ent_217340	音磅
ent_218365	阿诗丹顿
ent_037757	梅赛思
ent_202717	真彩
ent_070780	伯乐马
ent_014075	思牧
ent_098886	光明_家具
ent_083172	采芝斋
ent_134521	小九
ent_054874	植护
ent_076143	跪乳羊
ent_179089	澳贝
ent_222169	沙宣
ent_247850	OTHERS_彩妆
ent_174702	沙棘
ent_191944	玉兰香
ent_057343	御顺堂
ent_020342	万吉
ent_129175	伊帕尔汗
ent_018767	托马斯＆朋友
ent_232517	广仁
ent_148010	百家味
ent_176604	诗迪娜
ent_130961	冠生园
ent_195564	优耳
ent_140500	国誉
ent_219551	金纺
ent_000732	上珍果
ent_246159	顺顺德德
ent_157243	艾惟诺
ent_167063	方舟_电器
ent_145359	樱花_家电
ent_149678	巴布豆
ent_046782	浙一家
ent_097525	格男仕
ent_026941	妮飘
ent_100284	杜康
ent_029560	艾德克布莱克斯
ent_127336	自然醒
ent_168346	九天
ent_066689	东古
ent_064593	塞翁福
ent_181033	快乐吃货
ent_167478	粮安天下
ent_047430	嘉韵
ent_136740	阿威托
ent_085179	小明星
ent_139955	和翔
ent_249307	驰虹
ent_106124	大洋世家
ent_148944	康宝
ent_068732	茶花
ent_076895	贝特如
ent_021984	苏诺
ent_117694	茂林
ent_044950	鲜怡
ent_086248	傻厨
ent_247779	步云
ent_017941	巨门
ent_174965	菲诗小铺
ent_227936	莹玉
ent_006571	梵希蔓
ent_237912	蜂花
ent_030594	满婷
ent_049246	万家乐
ent_010142	威泽
ent_009550	笛雀儿
ent_233085	狮王
ent_060862	科凌
ent_002288	亿丽佳
ent_193793	茵曼
ent_058222	东洋之花
ent_069499	恒顺
ent_207781	木恒
ent_100601	和平_美国
ent_225060	沣瑞元
ent_095179	海王
ent_100613	卓诗尼
ent_242330	傲家
ent_121491	鹭浪
ent_183962	塔虎
ent_098646	由利
ent_135068	水密码
ent_121379	茵宝
ent_120800	卡拉贝熊
ent_235247	惠威
ent_202497	口力
ent_114009	南极人
ent_013177	富硒
ent_000155	云南白药
ent_189961	金莱克
ent_200775	一贝皇城
ent_092022	范思哲
ent_107036	靡丝妮
ent_093354	贺斯达
ent_095725	贯池
ent_082192	童泰
ent_236345	欧贝斯
ent_046989	闪电潮牌
ent_209247	克拉古斯
ent_009549	鸟与花家
ent_025127	梦佳居
ent_231582	魔莉舍
ent_026928	金语
ent_185998	喜力_家电
ent_094087	伯爵卓尔
ent_235380	伊高
ent_005028	泌彩流纱
ent_097519	薛涛
ent_025102	悦诗风吟
ent_149810	竹岛
ent_194971	神话_肉制品
ent_058875	澄果
ent_139742	百草味
ent_029526	佐道
ent_116401	真珠美学
ent_168306	火烈鸟
ent_220681	特别特
ent_173236	逸炫
ent_025399	贝丽
ent_100878	惠佳乐
ent_034302	农夫山庄
ent_176612	柯丽雅
ent_187917	中联
ent_174925	巧媳妇
ent_162693	Alee_电器
ent_097720	品彩
ent_119002	思宏
ent_082517	来伊份
ent_017079	澳利亚
ent_204849	博视乐
ent_032627	步步高
ent_167775	安井
ent_198356	塔牌
ent_181205	幸运小筑
ent_134741	西凤
ent_132198	黄老五
ent_114225	吉列
ent_233571	喜碧
ent_164208	太古
ent_109736	普拉姆
ent_054350	铂典
ent_033085	得胜
ent_122150	爱之舟_枕套
ent_136438	优凡文具
ent_149996	誉海
ent_243630	鲔哥
ent_208684	世界名著
ent_213069	文艺
ent_192342	奉友
ent_021644	喜力
ent_186968	心相印
ent_068936	米思蒂
ent_107452	爱润妍
ent_128519	ALS_灯饰
ent_029003	冰鲜
ent_091585	公牛
ent_053248	蕾迪丝
ent_239968	三草两木
ent_243965	飚声
ent_009105	潮牌
ent_158441	迪奥
ent_068906	依斯妮雅
ent_166695	千佳益
ent_232602	大卫
ent_026571	伊利
ent_204812	莫瑞
ent_123128	琴岛
ent_097005	皇家
ent_141405	章鸭子
ent_084146	奥普
ent_238377	亿觅。
ent_008060	小井家
ent_000596	正官庄
ent_238499	晶麦风
ent_043476	闪魔
ent_110396	劲家庄
ent_244897	吃茶去
ent_195050	敏杨
ent_090962	巧克力
ent_183982	小天鹅
ent_238803	富光
ent_063825	冠希
ent_239301	赛恋
ent_228621	亮典
ent_014661	新宝堂
ent_078362	贝奥
ent_030562	雷慧
ent_028972	摩奥
ent_152197	崂世家
ent_030333	上品鲜
ent_009400	万里足
ent_162722	辉煌
ent_196139	展艺
ent_217860	万佳_家电
ent_045793	北海道_日本
ent_092788	哥文花园
ent_090910	全聚德
ent_020628	芭比
ent_230101	歌瑞家
ent_176539	秋官郎
ent_049185	国丰
ent_167585	众望
ent_107797	富丹
ent_208724	一帆
ent_148717	红瓦房
ent_234557	平海_食品
ent_142470	想念
ent_162120	苹果
ent_009784	金沙河
ent_159961	英特曼
ent_225313	科颜氏
ent_185219	捞刀河
ent_026750	菲星
ent_086781	唐麦
ent_155826	海娄
ent_179645	百合康
ent_217031	创迪
ent_223194	字母
ent_199061	富士
ent_233945	透蜜
ent_058244	佳遇
ent_100416	嘉宝
ent_191418	好美达
ent_220335	格立高
ent_234200	南草堂
ent_055187	固特威
ent_220224	伊卡曼
ent_085778	十足
ent_036754	菲力
ent_026221	可爱
ent_100321	博智星
ent_197906	美厨
ent_071251	英吉利
ent_109245	Sp_sauce_家居用品
ent_246532	汇群堂
ent_051659	薏米
ent_081260	致洁
ent_235968	海尔施特劳斯
ent_226870	思高
ent_025222	阿一波
ent_192252	杰洛恩
ent_221915	简佳
ent_005649	好兰朵
ent_069157	玫琳凯
ent_069232	可可哥
ent_238674	福东海
ent_122274	美德乐
ent_094548	佐丹奴
ent_096815	自然相伴
ent_172015	苏琪
ent_169934	玛汀露丝
ent_051727	阿里斯顿
ent_106186	德州扒鸡
ent_071604	统一
ent_136961	雪园堂
ent_134639	小米米
ent_036472	孚日洁玉
ent_136387	弘生新华
ent_143814	博跃
ent_114039	吉丘·古儿
ent_142617	三木
ent_033450	宝奴
ent_081979	艾美特
ent_025253	羽博
ent_215304	图玛
ent_228918	玫源
ent_071733	竹盐
ent_011494	荣耀
ent_194044	美丽俏佳人
ent_092558	安贝儿_母婴
ent_046213	佩吉
ent_230746	德力
ent_108604	贝玲妃
ent_183826	军杰
ent_110033	德龙
ent_052019	皇冠
ent_037397	光合生活
ent_035298	丰海
ent_008814	飞剑
ent_158708	烨影
ent_232164	豪尔
ent_072446	华春
ent_220276	欧点
ent_094922	嘉满芬
ent_012131	金稻_美发工具
ent_234869	塔拉·额吉
ent_131086	雪肤莱
ent_194448	乐华
ent_003816	巴鲁特
ent_060465	良良
ent_199095	瓜子
ent_086147	以美
ent_059743	百润
ent_129318	能适
ent_033746	回兴堂
ent_165078	晨光
ent_093011	安心
ent_244197	大筱姐
ent_118692	古今
ent_049831	至臻永恒
ent_005337	真心
ent_089234	读你
ent_125349	索可尼
ent_099788	格易美
ent_232151	神秘花园
ent_016987	小人国
ent_032185	第五元素
ent_080905	枣雅
ent_234484	沙驰
ent_212113	淘邦
ent_117495	卡斯特
ent_161763	三熹玉
ent_142606	酷歌
ent_062688	葡萄柚
ent_049883	祖坤
ent_096528	颜域
ent_060928	天骏
ent_010830	E洁
ent_096450	步一
ent_058941	元朗荣华
ent_124596	乐事
ent_206501	旭瑞
ent_023270	雷允上
ent_146188	巴玛特
ent_016419	浪琴
ent_168636	百草
ent_222331	盈享
ent_011812	洁成
ent_154446	丽扬
ent_069158	春旺
ent_227923	味滋源
ent_223763	宁夏红
ent_011063	飞利浦
ent_059448	宜洁
ent_163765	猫耳朵
ent_230870	美怡洁_餐饮具
ent_016838	柏翠
ent_156464	统帅
ent_175786	黛娅斯
ent_131365	鸭子侦探
ent_219780	贤哥
ent_134907	五星
ent_113452	立白
ent_177110	浩设计
ent_060671	安之星
ent_015740	谷邦
ent_061427	邦首
ent_182781	思念
ent_188175	雅珠象
ent_168375	伊凯琳
ent_170767	海旺
ent_112852	真维斯
ent_204857	子弹头
ent_189720	不见不散
ent_008598	Cle_de_Peau_Beaute_眼镜
ent_117609	佛伦斯
ent_034814	大拇指
ent_085443	秀竹
ent_183571	海霸王
ent_154557	瑾植本草
ent_112693	绿叶
ent_032345	婔洛
ent_067813	花王
ent_070958	心里话
ent_231017	蜘蛛王
ent_125538	珀莱雅
ent_079179	绿野清风
ent_119051	爱倍
ent_141218	一枝梅
ent_173328	开心_教育培训
ent_195558	笛梵
ent_248985	森马
ent_135668	顺美
ent_188147	联想
ent_135889	名家
ent_221823	丹姿
ent_004602	伊路爽
ent_126559	天堂
ent_156119	优洗丽
ent_208523	时尚
ent_162782	大希地
ent_118117	中和澳亚
ent_039920	容先生
ent_121786	逢春
ent_079646	松鹰
ent_040869	野娇娇
ent_077588	修正
ent_040325	英尼斯
ent_176597	奥睿科
ent_160372	德玛仕
ent_076761	欧科
ent_194010	世家
ent_038710	十月天使
ent_170717	嘉柏俪
ent_079522	尹秀
ent_218214	云米
ent_200629	菲灵
ent_014616	熙游记
ent_073106	华阳文化
ent_226869	史努比
ent_098277	爽口佳
ent_010153	阿迪达斯
ent_213529	冠福
ent_180571	好太太
ent_081600	薇姿
ent_083331	虞美人
ent_099964	合家欢
ent_178998	艾尚羽
ent_105492	三弦
ent_025530	干发
ent_180713	雪花啤酒
ent_246124	农心
ent_231839	三国
ent_105092	天蝎
ent_089854	正泰
ent_240442	辣味客
ent_211550	唐小甜
ent_229507	金星_食品
ent_061305	野竹仙
ent_053953	炊大皇
ent_014634	雅兰仕
ent_144154	多宝鱼
ent_087722	安雅
ent_021714	三源
ent_087592	老奶奶
ent_049512	樱桃
ent_089440	双童
ent_076229	乐扣乐扣
ent_107763	神偷奶爸
ent_026664	甘源
ent_130101	雅丽洁
ent_108086	法格
ent_195300	珂莱蒂尔
ent_190167	古木夕羊
ent_168476	尼胜
ent_088194	海边人
ent_220718	红玫瑰
ent_072291	韩世
ent_154940	升哥
ent_195055	瑞家
ent_166844	奥尼捷
ent_018267	享棉吧
ent_042903	爱斯基摩人
ent_175271	牛奶面包创意家居
ent_119200	麦富迪
ent_085833	优欧
ent_112908	澳门渔港
ent_220865	暴龙
ent_234740	大唐
ent_074882	麦金利
ent_196620	隐社
ent_219613	尚都比拉
ent_159947	六和
ent_071761	珍宝珠
ent_044832	艺福堂
ent_205126	营养
ent_148610	娃哈哈
ent_123871	奔富
ent_071947	吉利手
ent_175850	影巨人
ent_124922	浩特
ent_096240	波司登
ent_046086	口口香
ent_123924	名创优品
ent_077151	森海塞尔
ent_214646	膳魔师
ent_030512	诗朗
ent_147069	乐飞
ent_224123	格子
ent_191333	佐敦朱迪
ent_165916	俏香阁
ent_137100	美即
ent_207573	老鬼
ent_023491	阳光宝贝
ent_106026	韩奕
ent_041558	柠檬宝宝
ent_108172	敖东
ent_191906	黛安芬
ent_039067	家之伴
ent_062676	唯路时
ent_242120	金钜伦
ent_198343	九轩
ent_112366	阿尔发
ent_082782	爱德
ent_214471	零零亲
ent_010124	长寿
ent_010545	品客
ent_188607	强劲奥林
ent_230738	玫瑰
ent_204239	猛士
ent_151450	白兰地
ent_122935	先科
ent_043165	好丽友
ent_075991	贝贝怡
ent_204976	旺丰
ent_113458	酒鬼
ent_002296	味芝元
ent_236683	金唐
ent_136656	圣大保罗
ent_135749	科普斯
ent_012429	久量
ent_127985	每时美家
ent_086471	可可西里_零食
ent_228795	德永堂
ent_222507	小牛贝贝
ent_041439	新闽融
ent_078828	福临门
ent_109279	天籁K歌
ent_229132	盛宇
ent_135692	至尚·创美
ent_101931	麻辣司机
ent_111761	黑森
ent_002983	淡香似芳
ent_181563	阿玛尼
ent_012804	天龙
ent_132711	法缇拉
ent_135578	义利
ent_092401	利得
ent_062991	亳药千草
ent_181138	85度C
ent_224447	丸美
ent_233958	绿之源_Greensource
ent_189493	乐高
ent_234187	青苹果
ent_031907	米菲
ent_069718	优·生活
ent_233803	越茂
ent_069695	农夫山泉
ent_168571	英氏
ent_081743	星特朗
ent_141027	高宾
ent_215463	玛丽
ent_165753	中洋宝
ent_178148	泷御堂
ent_184325	雪竹
ent_002651	果自源
ent_179726	珍惠琳
ent_160933	卡农
ent_079660	赞香
ent_089425	玩觅
ent_128504	苏丰
ent_099557	华象
ent_029759	蔓哈顿
ent_224092	凯文克莱
ent_177046	赵小姐
ent_158319	埃斯普利特
ent_057579	爱心
ent_079751	卡萨帝
ent_064876	五芳斋
ent_051788	赵老师
ent_083794	友臣
ent_175589	拉博夫
ent_016390	道达尔
ent_205947	朗威
ent_210379	索道
ent_093896	丰谷
ent_161509	伊诗夏兰薇
ent_002553	葡记
ent_191859	小亿
ent_017727	奥克斯
ent_037764	芳草地_清洁工具_
ent_228081	樱雪
ent_110142	卫．博士
ent_129145	康满家
ent_066110	云青
ent_034063	鑫福多
ent_093173	怡祥
ent_191893	摩飞电器
ent_219254	韩方妍宝
ent_049037	铭氏
ent_170358	佰丝韵
ent_086572	金号
ent_212569	福香源
ent_101967	蒙古_韩国
ent_036114	高丽雅娜
ent_026798	希思黎
ent_037386	创前
ent_170540	百露
ent_017720	长城
ent_079572	树上
ent_134842	万魔
ent_039992	维妙_家电
ent_166104	爱立德
ent_152608	黑头
ent_127956	无印良品
ent_065086	象太郎
ent_152484	宝克
ent_049865	莎娜
ent_236023	泸州老窖
ent_100178	洽洽
ent_134035	金正
ent_098222	斯密特保罗
ent_147873	迪士尼
ent_074915	蓝果
ent_123680	萱维尔
ent_122128	禧玛诺
ent_092892	慕姗诗怡
ent_060976	依依天使
ent_035939	山水情
ent_171280	德宗
ent_168502	穗华园
ent_152919	奇瑞
ent_207396	生活元素_家电
ent_163750	肯派
ent_152925	京辉
ent_199076	亿丽
ent_095324	贝印
ent_202622	欧文度森
ent_091966	如水
ent_036733	美勒牧场
ent_183021	家有
ent_164476	飞科
ent_176218	霸王
ent_234304	正林
ent_237292	简言
ent_117722	竹炭
ent_213718	可莱美
ent_118927	贵族
ent_226525	鹿听
ent_003620	蓝旗鱼
ent_082257	微山湖
ent_228206	杰豪
ent_081146	吉香居
ent_117757	心情生活
ent_194883	大小姐
ent_036217	小绵羊
ent_081924	金诺贝婴
ent_114636	红双喜
ent_020040	信克
ent_086299	古谷惠
ent_234145	优雪
ent_070781	原野
ent_201671	阿尔发
ent_198083	淳风派
ent_008220	美焕
ent_162748	三明
ent_123480	强电
ent_146433	洁云
ent_167156	和乐族
ent_248081	摩托罗拉
ent_089595	乐乐趣
ent_240631	乐视TV
ent_149392	迪乐司_马来西亚
ent_010800	梦之翼
ent_129307	拉谷谷
ent_222922	宜加美
ent_146706	湛蓝
ent_122414	龙王恨
ent_188361	虹一
ent_178391	舒洁
ent_173526	海氏海诺
ent_025786	唐老大_洗护
ent_188171	佰魅伊人
ent_175912	汉佳欧斯
ent_161567	云锦熙
ent_104412	靖港古镇_食品
ent_179190	完美
ent_017372	德昇
ent_204448	百雀羚
ent_189829	一卫
ent_194790	王老吉
ent_220368	糖力
ent_207293	IAM_厨房电器
ent_103975	大王
ent_076530	兰蔻
ent_159168	普丰
ent_043190	小天子
ent_200200	姗姗猫
ent_005861	松子
ent_096466	巴科隆
ent_087582	小太阳
ent_098021	幻响
ent_058553	碧素堂
ent_125112	寰球妈妈
ent_171510	黛诗涵
ent_221724	芒果
ent_115372	卡卡西
ent_232737	七猩猩
ent_125527	乌镇
ent_181083	小皮
ent_008400	创盈
ent_192892	北大荒
ent_101350	好享和
ent_038278	金羚
ent_157212	旅揭
ent_235438	易旅
ent_123594	美津浓
ent_130420	可得优
ent_020317	美好时光
ent_219163	天莱香牛
ent_080218	可足佳
ent_120586	湘满天
ent_227629	宝宝好
ent_218741	树屋
ent_127928	惠康
ent_108751	瑶香国
ent_117161	亚都
ent_049836	佛顶山
ent_195166	爱之舟
ent_045833	淘宝心选
ent_039877	京皖
ent_002170	苹果
ent_086800	艾儿
ent_004651	人民
ent_152674	星冠
ent_030237	焕醒
ent_144053	益生
ent_224978	红谷
ent_074700	缘百年
ent_108624	洁柔
ent_167597	万德龙
ent_166220	阿呆
ent_007613	英雄
ent_189539	译夫
ent_225284	红牛
ent_043913	雪海梅乡
ent_003419	雷朋
ent_244699	罗技G
ent_116963	摩奇思
ent_206194	养庆堂
ent_100534	怡佃蜂蜜
ent_244931	八大怪
ent_227662	青豪园
ent_176259	音为爱
ent_182864	柏诗春天
ent_162219	澳佩尔
ent_153549	清怡_洗护
ent_154927	沈大成
ent_220350	东方慧医
ent_072428	富馨香
ent_183786	味源
ent_085299	汤沟
ent_228764	茂嘉庄
ent_181473	范思蓝恩
ent_137480	香格里拉
ent_076763	宝路
ent_237592	一粒志
ent_030726	马培德
ent_197905	永声
ent_151918	汇豪
ent_134375	大润发
ent_088897	美的
ent_174368	鹤王
ent_173829	诺西
ent_077540	春上町
ent_050502	九州天润
ent_236027	龙士达
ent_106747	乐亿多
ent_067113	轻装时代
ent_075832	雷士
ent_056817	韩婵
ent_249276	亚创_家电
ent_206373	狼爪
ent_097237	声丽
ent_087494	极男
ent_099350	喜乐途
ent_010724	完达山
ent_201465	婵之云
ent_044455	聚春园_食品
ent_032758	易途
ent_096942	壳牌
ent_164763	鑫点·家具
ent_238490	月盛斋
ent_192950	馥珮
ent_006666	贵人鸟
ent_226138	法曼斯
ent_155573	良品铺子
ent_080496	馋三疯
ent_181797	资生堂
ent_011718	酷睿冰尊
ent_249469	夏娃的诱惑
ent_236055	西伯利亚
ent_157540	小米
ent_225934	士力架
ent_145332	李九一
ent_188857	真丽斯
ent_146095	黄古林
ent_058585	家典美
ent_048617	国杞源
ent_105667	希尔
ent_106610	源安堂
ent_216215	伊本佳人
ent_228331	其他_食品
ent_226970	芳苑阁
ent_079988	彩田
ent_245547	多样屋
ent_118891	中雅
ent_110229	科罗娜
ent_130451	realme_手机
ent_106545	极速
ent_193613	迪悠
ent_156074	邬辣妈
ent_005728	清扬
ent_067625	双立人
ent_190658	牛栏山
ent_090994	迪乐龙
ent_047543	盛香珍
ent_071575	优呗_母婴
ent_234355	丝域_化妆品
ent_143370	松下
ent_128978	好迪
ent_029845	哥伦比亚
ent_049003	福·玛·特
ent_145834	佳奥
ent_064555	美标
ent_239520	威腾
ent_155011	依朗迪
ent_146381	酷奇
ent_127727	日本大创
ent_093751	北欧欧慕
ent_222767	维之王
ent_164610	希芸
ent_089957	乐雅琦
ent_074888	西琪
ent_246396	永辉
ent_132765	超友味
ent_118110	59秒
ent_005115	朗康
ent_010335	玉兰油
ent_054722	生活在左
ent_089572	奋达
ent_043776	希艺欧
ent_120647	科克兰
ent_039022	百家好
ent_099806	康铭
ent_106061	热风
ent_191215	人民出版社
ent_181428	爱善天使
ent_167664	探拓
ent_106529	高丝
ent_211993	基诺浦
ent_223213	美吾发
ent_080605	大象
ent_192691	速冲
ent_040802	先科
ent_145960	书蝶
ent_234748	农家
ent_247066	妮维雅
ent_181763	青岛
ent_041296	华盛
ent_239422	菲仕乐
ent_086879	乐范
ent_206930	卫施
ent_208063	梵蒂尼
ent_209956	伊卡璐
ent_232429	读舌
ent_179774	Potdemiel_母婴
ent_085945	扬航
ent_244801	大百仕
ent_149892	派睿斯
ent_187469	艾格
ent_119018	景湖_厨房用具
ent_155587	山水
ent_005873	力勤
ent_164539	卓艺庭
ent_245429	珂润
ent_108823	铭塔
ent_036206	慕金
ent_051819	明珠
ent_199403	志高
ent_033247	华川
ent_058276	京伟康业
ent_134704	宏曼
ent_030941	振兴
ent_241193	圣得西
ent_016487	乐天_韩国
ent_076442	永旭
ent_099120	哆啦A梦
ent_052876	唯梦
ent_075004	皂美舍
ent_174974	振南
ent_136905	丫眯乐
ent_179251	啄木鸟
ent_111246	子路
ent_104263	古龙天成
ent_128385	圣佳
ent_020400	溜溜梅
ent_069420	小鸟
ent_113514	爱普爱家
ent_145718	栢年健体
ent_045821	伊莱克斯
ent_121551	桑扶兰
ent_215079	玉蕾
ent_088386	全球仓
ent_001372	金贵
ent_187119	加勒比海盗
ent_135055	睿量
ent_161765	恬宁尔
ent_057925	哈桑
ent_165335	天喔
ent_176195	先锋
ent_237478	华味亨
ent_203514	紫光电子
ent_163924	惠民
ent_037950	青右
ent_197236	卫龙
ent_046117	沙漠之花
ent_110678	开口笑
ent_041498	长城
ent_083028	漓泉啤酒
ent_086925	阿弟仔
ent_090946	思怡
ent_085605	纽曼
ent_168077	歌们儿
ent_193678	斑布
ent_164836	万代
ent_025978	海世界
ent_249385	华帝
ent_037291	特美刻
ent_060222	杞参
ent_173067	文曲星
ent_222982	骆驼_家电
ent_063595	合庆
ent_090279	南北朝
ent_112677	正旺宝贝爱
ent_059966	人杰
ent_146349	红心
ent_106621	汤妈妈
ent_244866	万利达
ent_098541	三金
ent_044057	聚农蜜芳
ent_206267	莱蔻
ent_052286	罗技
ent_065783	长白山
ent_106509	三得利
ent_014562	京瓷
ent_185668	途跃
ent_027801	罗马仕
ent_069430	家佳康
ent_122300	碎花
ent_216602	拉夏贝尔
ent_084890	新婺
ent_242974	真美
ent_244002	象印
ent_177406	小白熊
ent_150610	禽始皇
ent_051928	银雕
ent_214017	物生物
ent_187219	忠芝
ent_234058	百乐
ent_045948	真丝缘
ent_149919	夫尼保罗
ent_097913	巴利露莎
ent_136910	黑鲨_手机
ent_190489	天松
ent_215852	好时
ent_136291	瑞莲
ent_179728	礼季和
ent_243303	东仕
ent_083122	一扫光_食品
ent_127813	雾岭山
ent_000558	优思居
ent_193257	在路上
ent_167890	沁御
ent_076305	泽熙
ent_218325	优飨
ent_084540	悠哈
ent_048285	颜淳
ent_206401	彩虹
ent_108769	旺旺
ent_041421	九日
ent_215094	阿吉多
ent_134900	抹茶の生活
ent_165516	科德士
ent_239026	拌多乐_泰国
ent_119560	名沙
ent_242747	食行者
ent_135255	神农金康
ent_087046	黄氏_食品
ent_006254	伊赛
ent_093164	TOYIN_家电
ent_065103	绵绒
ent_011565	赛威客
ent_033654	樱之歌
ent_196066	谷言
ent_103077	金凯莱
ent_062184	绒库
ent_001521	富威数码
ent_122016	德尔玛
ent_074087	阿玛尼_运动棉衣
ent_094135	金利来
ent_153988	三套车
ent_020825	小泰克
ent_127776	特美居
ent_028140	艾诗
ent_102161	斐乐
ent_018244	黄龙祥
ent_096274	九牧
ent_151654	巴缇仕
ent_111782	信诺
ent_227721	苏宁极物
ent_089702	春福盈
ent_182264	葡萄
ent_046946	运生
ent_181654	片仔癀
ent_025300	翡翠
ent_049901	德力西
ent_233807	亿家合
ent_176990	阿里山
ent_172781	一双
ent_240064	喜诗
ent_213934	慕杰
ent_239066	雅诚德
ent_198375	百丈泉
ent_162861	雷德蒙
ent_058082	长帝
ent_129088	金顺昌
ent_143104	美孚
ent_047525	汪汪队立大功
ent_244338	鼎福
ent_059742	清华大学出版社
ent_046511	美琳妈咪
ent_244628	尚官
ent_100612	真汉子
ent_105903	阿芙
ent_043313	加莱尼
ent_249321	喜莱家
ent_122959	水星
ent_205245	露泊雅
ent_003830	贝奇
ent_158137	尤尼克斯
ent_237166	弘家
ent_027256	安尔乐
ent_039676	欣丽美
ent_036090	翠河
ent_102298	里美
ent_014783	百合
ent_163640	金鼎
ent_146413	谷幽兰
ent_211000	兴华
ent_240066	家物语
ent_036051	黄龙
ent_016512	药都八方
ent_166433	同荣
ent_224070	爱零零
ent_247421	金路达
ent_113474	腾达
ent_169828	阿里亚特
ent_097162	勤山民
ent_172401	电派
ent_222378	山进
ent_015199	小米
ent_008867	茉莉花
ent_141915	索芙特
ent_120602	卡拉羊
ent_207035	养生堂
ent_057318	麒麟
ent_047844	比得兔
ent_163689	一品
ent_123106	有机地球
ent_069281	德士
ent_096330	金色美泉
ent_005364	美思
ent_236107	嘉实多
ent_187133	中粮
ent_041081	宝洁
ent_233506	唐人神
ent_165987	添睿
ent_049691	女人心
ent_176638	布丁
ent_036963	嘉士利
ent_195952	香草
ent_079807	瑞恩
ent_096759	柏荷堂
ent_198972	淘生活
ent_185975	卡西欧
ent_108292	荣飞
ent_160273	懒易家
ent_180963	美特佳
ent_007847	淳度
ent_194523	三笑
ent_183437	嘉应
ent_185422	水之密语
ent_120921	惠润
ent_146745	帅康
ent_176198	瑞丽达
ent_046967	艾芭薇
ent_003969	天际
ent_062938	美菱
ent_118049	曼容豪世
ent_194161	安卡米
ent_205980	90分
ent_108151	帅气
ent_172459	德亿
ent_121452	乡吧佬
ent_186876	宝宝
ent_165671	宇年
ent_035558	奥美达_电器
ent_132212	奈特科尔
ent_071504	蓝顿_酒
ent_019578	禾泱泱
ent_132544	洲克
ent_240985	安博尔
ent_201193	安踏
ent_059426	塔菲克
ent_128139	仙草灵福康
ent_184630	梓煊宝贝
ent_053421	锦瑟香也
ent_087039	华亿
ent_031160	新代
ent_064859	品香园
ent_165074	涂鸦
ent_189205	施华洛世奇
ent_008737	乔丹
ent_225035	不二家
ent_197778	麦吉士
ent_029446	绅宝
ent_080882	Ulike_电器
ent_241690	欧舒丹
ent_247458	奥田
ent_125095	飞鹤
ent_126277	快活林
ent_190960	自然派
ent_240897	清让
ent_007938	茵佳妮
ent_197983	博可斯
ent_211450	狂神
ent_183059	小度
ent_200765	商务印书馆
ent_153987	金莱特
ent_141744	奥克斯
ent_246500	凯琴_家电
ent_177442	万和
ent_121897	欧润哲
ent_189866	英发
ent_200872	广州酒家
ent_230029	金莱特
ent_159783	科迪
ent_033595	万宁
ent_238349	味back
ent_136682	玉の肌
ent_154091	品度
ent_052533	飞雁
ent_011936	舒肤佳
ent_131270	洛夫特
ent_238363	婉丝
ent_145098	小蓝羊
ent_023559	恺贝
ent_213679	意创生活
ent_133791	久阳_厨房用具
ent_171351	战术
ent_162290	六神
ent_056210	桂圆
ent_190367	虎骑士
ent_094902	翠菲克
ent_026740	卡蒙
ent_083572	天使丽人
ent_057940	润帛
ent_189748	百联
ent_031080	兴派
ent_246399	依思Q
ent_232415	宝格丽
ent_112082	唯新
ent_127037	青蛙王子
ent_075805	诚品
ent_242729	创尔特
ent_112474	剑桥
ent_078451	森太
ent_075671	鹰制菓
ent_065376	盛兴龙
ent_035392	老徽乡
ent_098739	伊芳妮
ent_133575	三只松鼠
ent_079472	绿联
ent_154645	帕森
ent_046188	哈特_食品
ent_185330	杜蕾斯
ent_001465	药知源
ent_210163	百钻
ent_179080	黑妹
ent_202042	科美
ent_232922	洛克
ent_161867	爱仕达
ent_091438	爱肯
ent_085898	巴巴泥
ent_029268	千选
ent_001842	劲仔
ent_002101	爱迪生
ent_072590	京龙睿信
ent_120895	雅士利
ent_249074	哲品家居
ent_053712	衣随行
ent_116343	汤姆农场_韩国
ent_018235	蝶安芬
ent_203570	润扬
ent_213642	杰诺
ent_152605	督威
ent_122205	路其尔
ent_072569	拉芳
ent_142550	翁财记
ent_097735	虎牌
ent_183356	阿帕齐
ent_171490	盈驰
ent_106860	美商海盗船
ent_002442	普雷达
ent_174540	千分之三
ent_147823	中邦
ent_122572	古势
ent_000129	劳特巴赫
ent_153355	超人
ent_199817	拉比
ent_240219	歌莉娅
ent_213878	珂思
ent_112348	阿诺
ent_006835	万臣
ent_065599	百威
ent_195630	强生婴儿
ent_031212	雀巢
ent_173665	双枪
ent_188562	盛源来
ent_002468	铁匠世家
ent_219374	乐肴居
ent_193358	皮尔卡丹
ent_210982	嘉媚乐
ent_063615	欧时力
ent_188360	京鲁远洋
ent_211597	多跃
ent_001457	福爱喜
ent_179801	保蒂克
ent_037039	飞人
ent_101158	原木和音
ent_114401	番茄派
ent_001217	永诺
ent_141032	枫康
ent_027770	汤姆福特
ent_109991	阿乐乐可
ent_077182	獐子岛
ent_215016	双汇王中王
ent_010177	素士
ent_075923	博婷
ent_043162	创维
ent_180845	酷食派
ent_038480	包纳
ent_167089	楼外楼
ent_248723	小禾
ent_231235	向阳花
ent_126227	华阳
ent_214285	蓓霓芬
ent_028212	接力出版社
ent_204887	易·时代
ent_034256	雪花
ent_244512	长安
ent_160697	远洋
ent_093267	Angela_床上用品
ent_003702	福库
ent_227252	多丽_家电
ent_156473	福记
ent_106553	紫丁香
ent_063703	索舒雅
ent_220789	力士
ent_044873	阿瑞娜
ent_204107	日照绿茶
ent_079460	舒霖
ent_231464	会稽山
ent_015055	广御园
ent_179173	九制_家装主材
ent_004223	名仁
ent_078348	邦臣小红花
ent_222073	小东北
ent_232535	桑贡世家
ent_044978	恒源祥
ent_142251	万喜
ent_107851	标王_电器
ent_061182	多美卡
ent_096155	九口山
ent_143079	亨博
ent_157526	持为
ent_017693	万宝龙
ent_244671	南娜
ent_126420	直白
ent_081754	泰兰尼斯
ent_136375	力诚
ent_138482	展望可爱多
ent_008177	林内
ent_065613	正中
ent_183373	黑鱼
ent_220562	杨先生
ent_148619	金枪鱼
ent_246308	冰纯嘉士伯
ent_188042	宜而爽
ent_220602	海瑟薇
ent_155329	澳雪
ent_166247	桑瑞得
ent_122359	汇乐
ent_185542	纳川
ent_197230	舒铂康
ent_071953	海买
ent_208278	墨立方
ent_097460	荷花
ent_163848	德玛科
ent_145472	other其他
ent_244666	百灵猫
ent_024452	瑞家
ent_159019	方家铺子
ent_208663	西瓜太郎
ent_135473	网易智造
ent_230229	烤乐仕
ent_172584	元盛
ent_242970	精力沛
ent_080726	梵声
ent_148623	澹雅
ent_241006	欧凯斯
ent_143882	格兰仕
ent_069053	小伙子
ent_043688	迪卡侬
ent_003533	敏家
ent_247045	旅友
ent_038533	顽克
ent_051283	卡农
ent_173534	恋一恋
ent_102486	梅花
ent_228705	蜜蜜花
ent_115799	摩米士
ent_239639	米可充
ent_112830	富铤
ent_226115	九殿
ent_218448	鸿星尔克
ent_180921	辣魔王
ent_103158	诺必行
ent_000298	帅鱼
ent_102758	大宇
ent_193279	雷柏
ent_123716	象形
ent_031220	达尼
ent_218543	香奈儿
ent_000964	福施福
ent_159866	快洁星
ent_099156	克林莱
ent_119377	飘飘
ent_167714	娇兰
ent_119671	恩楚
ent_177854	井尚美
ent_139805	顺祥
ent_006021	蓝带
ent_132245	天润
ent_044874	金鲤桥
ent_186249	康宁
ent_019749	亚宝
ent_233632	远梦
ent_217761	西铁城
ent_021985	归纳
ent_051599	凡士林
ent_054940	桃林园
ent_130557	昌茂
ent_105078	稻花香
ent_178705	方回春堂
ent_216357	贩美丽
ent_121202	君派
ent_127045	宏绿
ent_114464	巴布豆
ent_070855	中彩
ent_079634	名友
ent_181828	静熙
ent_055816	贝亲
ent_022526	黄金
ent_005471	双汇
ent_043501	喜凌
ent_151972	好婆媳
ent_037405	拉斐尔
ent_032845	解百纳
ent_243288	尘博士
ent_235698	小狗
ent_158036	美枣王
ent_111056	扬子
ent_015346	芙瑞可
ent_245938	冠格
ent_186317	本体
ent_004425	酒时浪
ent_108003	衣品天成
ent_050073	珍味来
ent_035313	锦宫
ent_172261	百事可乐
ent_081763	庆同
ent_045176	四季牡丹
ent_042396	百丽丝
ent_161342	米家
ent_149949	魔炼者
ent_029099	多丽
ent_078155	强力
ent_145957	佳瑞艾尔
ent_155553	优丽屋
ent_043918	洛杉奇
ent_093409	鹰堡
ent_020848	金达日美
ent_172250	圣美绮
ent_047391	花虎
ent_007843	蜜桃派
ent_219262	小林制药
ent_241693	老襄阳
ent_152692	锦色华年
ent_090788	阿纯
ent_199244	川辣妹
ent_109011	伟嘉
ent_117410	雯翔
ent_128788	诺诗兰
ent_233042	花姿
ent_164853	欧迪芬
ent_217874	维尔晶
ent_207051	爱碧娥
ent_101494	康佳
ent_142814	匹克
ent_228180	年余
ent_208533	娜慕尔
ent_159362	雪花秀
ent_058353	迪亚多纳
ent_005370	香鉴
ent_097629	德伦堡
ent_163558	钻石
ent_078601	嘉顿
ent_087807	龙奇_数码
ent_099028	每日
ent_085924	花香随
ent_120352	禧天龙
ent_111508	小笨熊
ent_018116	鲜御
ent_131941	泡吧
ent_066914	海牌_韩国
ent_174090	美际_化妆品
ent_018504	美然千
ent_103560	凯音
ent_071858	尤利特
ent_180535	铁三角
ent_219819	大号
ent_065300	宁美国度
ent_103530	美峰
ent_093709	护舒宝
ent_167402	火枫
ent_140973	帝之选
ent_009465	雪丽糍
ent_132260	田良君
ent_031162	万宝
ent_046377	体吉
ent_006464	东远
ent_143301	怀特王子
ent_062352	泰福高
ent_065102	凯伦诗
ent_141398	燕京啤酒
ent_061471	爱好
ent_083424	添弗
ent_243646	端木紫
ent_175835	纸贵满堂
ent_136992	喜之郎
ent_028726	杰西伍
ent_070650	海馨
ent_241500	嗳呵
ent_145886	洋河
ent_210179	德仁堂
ent_142456	古龙
ent_165835	湾仔码头
ent_049101	拜耳
ent_123549	现代
ent_130132	杰威尔
ent_196081	无印良品
ent_137009	硕美科
ent_150150	智慧夫人
ent_189677	红枫叶
ent_242804	奇声
ent_195013	多亲
ent_157559	曼秀雷敦
ent_065901	新秀丽
ent_179627	舒雅
ent_137094	安然纳宜
ent_248183	苏菲
ent_215805	亨利
ent_226562	正大
ent_102780	三季
ent_219812	天元
ent_236098	金稻
ent_086805	易游
ent_057360	中诺
ent_080945	宇升
ent_197121	老板
ent_141135	仙妮蕾德
ent_140761	小黑裙
ent_152785	榄菊
ent_114108	永高人
ent_165631	依依
ent_136648	LZL_数码
ent_206784	滋膳堂
ent_081033	名气
ent_199494	金号
ent_174826	美光
ent_161424	娜尔思
ent_030157	仙笛
ent_050231	口水娃
ent_012598	标榜
ent_030460	港洲
ent_139769	屈臣氏
ent_052938	蓝宝
ent_092648	我布
ent_107046	意尚英姿
ent_055358	牧高笛
ent_055118	村田
ent_149063	标蒂芙
ent_025281	梅林
ent_032225	百家好世
ent_168231	思萌
ent_089613	潮盛
ent_241957	圆一
ent_087588	宝家丽
ent_201778	丽榜
ent_002094	贝瑟斯
ent_116784	西屋
ent_167531	香米
ent_155715	杯具熊
ent_111661	三九
ent_000528	世家
ent_045226	卡罗特
ent_220092	唐家欧美
ent_039397	龙狮戴尔
ent_180046	草原
ent_128759	谜尚
ent_083655	温倍尔
ent_081753	斯伯丁
ent_079886	顺庭
ent_102908	探路者
ent_072704	禛香
ent_224047	博尼
ent_026438	康夫
ent_157766	帅丰
ent_030075	麦尔
ent_222375	派力德
ent_190545	名健
ent_113993	川崎
ent_027212	无限极
ent_240410	艾品酷
ent_186072	英菲克
ent_034025	蕉下
ent_051592	简法
ent_015822	星赞_清洁工具
ent_208221	喔喔
ent_177936	广博
ent_130422	施华蔻
ent_195603	浩然
ent_014012	海望
ent_179895	ECX_家电
ent_141999	约克
ent_019589	韩派
ent_185136	千泉
ent_240649	美速达
ent_225492	万里
ent_154509	小馒头
ent_207382	皮皮狗
ent_113820	威能
ent_058753	稻草人
ent_118960	锐度
ent_074132	七斤嫂
ent_022381	小吉
ent_217634	雷蛇
ent_057552	瓦力_手机配件
ent_118460	木瓜
ent_225089	礼之源
ent_149167	正飞
ent_214971	一品爽
ent_169995	盘龙云海
ent_225461	悠珂思
ent_047233	俱竞阳
ent_081637	报喜鸟
ent_169687	一千零一夜
ent_020723	集云
ent_123979	怡佳仁
ent_097408	创亿_电器
ent_045016	原创主题
ent_125189	虎贝尔
ent_057549	巢所
ent_230281	德威
ent_119607	七星
ent_035665	汤臣倍健
ent_157524	贝尔莱德
ent_149878	甘汁园
ent_152278	物本源
ent_118424	兹歌人
ent_076807	倍轻松
ent_052806	金丝
ent_125976	冬笋
ent_147557	玉堂
ent_189553	威力
ent_186635	莱克吉米
ent_125481	创奕
ent_186557	蒙牛
ent_161819	厨莱克斯
ent_204615	迷阵
ent_245767	阿尔卑斯
ent_043473	伊威
ent_004332	鞋柜
ent_124052	美宝莲
ent_178336	尚朋堂
ent_202390	艾帛丽
ent_022926	飙山狼
ent_150885	雪之恋
ent_102485	夏新
ent_060941	神火
ent_080026	冠品园
ent_135732	英特洲
ent_110927	飘零大叔
ent_206819	姬存希
ent_088432	索兰
ent_159397	骑士
ent_241485	追觅
ent_101031	凡科_家电
ent_241264	贝因美
ent_118504	迈卡盾
ent_060473	回音必
ent_182089	明子德
ent_236533	荞梦圆
ent_193063	夜染衣
ent_077947	步一
ent_180889	三山岛
ent_102445	优盟
ent_213451	痴迷
ent_085205	回头客
ent_015693	艾格吃饱了
ent_078982	歌贝拉
ent_055244	兰月星
ent_135685	强生
ent_088167	玛玛绨
ent_110020	未知
ent_091747	超霸
ent_008603	醉娉婷
ent_242146	江小白
ent_206605	东方港湾
ent_029950	车仆
ent_028999	九猴
ent_149182	洁玉
ent_210660	歌力思
ent_045390	萨罗娜
ent_223277	露华浓
ent_072018	小白心里软
ent_212710	瓦伦丁
ent_079816	小霸王
ent_039391	魔麦
ent_200618	王麻子
ent_234837	博朗
ent_005678	芙莉美娜
ent_147261	洛斐
ent_028488	海信
ent_210442	作家出版社
ent_099300	桂发祥十八街
ent_186370	三彩
ent_246202	鸥都
ent_000329	欧意_家电
ent_073671	暖纯
ent_113003	家至宝
ent_017523	超能
ent_230565	欧琳
ent_146128	美丽雅
ent_107180	红豆
ent_058642	须眉
ent_082643	威龙
ent_006318	正益凯
ent_017526	UTSUWA_日本
ent_099519	九安
ent_221558	夏普
ent_074805	世一堂
ent_214000	威佰士
ent_171565	爱敬
ent_181801	嘉百特
ent_171142	波路梦
ent_138699	康妮雅
ent_181933	秀色可餐
ent_221343	南方黑芝麻
ent_181958	瑞科
ent_005378	太平
ent_226599	娅奴
ent_041002	美丽标记
ent_244744	蜘蛛侠
ent_205000	番茄
ent_090252	稻香村
ent_135215	艾尚琳
ent_080819	佳帮手
ent_225927	蜻蜓
ent_246868	酷奇
ent_087596	好想你
ent_031607	金瓜
ent_005043	鹿人
ent_071470	高露洁
ent_132531	科勒
ent_100936	圣罗兰
ent_077220	独爱
ent_009228	欧林雅
ent_234363	莱卡
ent_092482	东宝
ent_234963	小钟工坊
ent_095573	果果
ent_229723	独到
ent_187064	红葡萄
ent_001630	鲨客
ent_248215	童宝奇_办公用品
ent_246804	萨夫百德
ent_231631	鸿翔
ent_237521	伟鸿_清洁工具
ent_044489	洛华侬
ent_235340	高多
ent_234033	筷之语
ent_076672	耐克
ent_227317	旺仔
ent_200740	孩视宝
ent_082601	爱丽思
ent_004363	盛继堂
ent_156997	优色林
ent_153194	琴叶
ent_169871	雨沐
ent_130174	途美
ent_077317	富康
ent_114362	诺帝卡
ent_103218	英派
ent_056186	蒲议
ent_146827	女人心
ent_238700	布来亚克
ent_218744	露莎士
ent_213595	青及
ent_136763	洁锐
ent_073880	松仁
ent_166397	朴悦
ent_130788	易博
ent_126069	巷仔边
ent_076499	老码头
ent_095158	英树
ent_040101	云楼
ent_033718	完美公主
ent_004895	纪梵希
ent_066203	闪闪优品
ent_148558	熊猫果缘
ent_174128	风王
ent_228767	兰芝
ent_239922	有友
ent_188573	万圣
ent_010311	金日
ent_137822	爱得利
ent_150827	凯蒂猫
ent_028832	陶复昌
ent_137482	居家家
ent_218564	摩高
ent_046707	奔腾
ent_149048	博锐
ent_056680	芭菲
ent_000982	黄色小鸭
ent_096477	浪里豹
ent_027380	小牛乒乓
ent_130677	三菱
ent_145487	鱼跃
ent_170231	百利
ent_165509	子祺
ent_159623	蓝岸
ent_235225	耶米熊
ent_167064	慧曼
ent_226880	万福
ent_088262	乌苏啤酒
ent_189529	贝视特
ent_085399	硕图
ent_060085	舒可曼
ent_125387	樱花
ent_018930	雅诚德
ent_174795	马甲线_健身服装
ent_011174	索利斯
ent_076540	十月初五饼家
ent_010221	中国纺织出版社
ent_056989	蒂芬妮
ent_232588	魅力基因
ent_203075	敬天赞
ent_067509	斐尔可
ent_148621	瑞松
ent_203307	小笼包
ent_206778	好妈妈
ent_099707	九叶草
ent_200330	巴拉巴拉
ent_041877	鑫峰
ent_131037	华菲·型格
ent_144386	灵蛇
ent_094545	红贵纺
ent_119653	趴趴狗
ent_060652	相宜本草
ent_169977	豪伟达
ent_142556	西湖龙井
ent_170350	济公
ent_018110	巧益
ent_210422	赛达
ent_093879	海蓝宝
ent_101216	金翔
ent_241064	韩束
ent_002747	米米多
ent_234310	DDS_美妆
ent_027365	流行e派
ent_156519	泰尼卡
ent_233723	欧莱雅
ent_042094	海澜之家
ent_103034	樱花
ent_199049	辛迪莉
ent_077857	富安娜
ent_073409	万能通
ent_007436	超达_食品
ent_002870	青九纺
ent_042535	红叶
ent_118419	丝塔芙
ent_221642	明基
ent_144690	华美
ent_244384	华东师范大学出版社
ent_227683	横县茉莉花茶
ent_003916	山灵
ent_218567	诺澳
ent_043752	安妮黛儿
ent_112242	伯盾
ent_121890	国风
ent_146833	歌薇
ent_166098	路路佳
ent_024023	群荣
ent_071086	苦水
ent_217827	嘉士伯
ent_024970	伊莱特
ent_126154	电子
ent_077658	红星美凯龙星选
ent_173004	尚明
ent_104466	苏泊尔
ent_162057	盼盼
ent_194196	康师傅
ent_189849	西星
ent_235423	若美
ent_230884	澳雪澜蝶
ent_023773	白鹭
ent_199434	石榴姐
ent_083542	逸·红颜
ent_035403	涛声
ent_147225	舒莱
ent_211272	好媳妇
ent_107808	广大园
ent_093444	简约
ent_240884	灿坤
ent_041977	十八子
ent_162344	光合
ent_175991	纤莉秀
ent_219682	芬腾
ent_138670	十八子作
ent_093862	科势
ent_225769	施州
ent_111012	李宁
ent_102911	一叶子
ent_022715	荆源楚味
ent_018603	爱华仕